{"count":1,"self":9234.0912128,"total":10129.718756999999,"children":{"InitializeActuators":{"count":1,"self":0.001658,"total":0.001658,"children":null},"InitializeSensors":{"count":1,"self":0.0028799999999999997,"total":0.0028799999999999997,"children":null},"AgentSendState":{"count":1000016,"self":8.170710399999999,"total":20.768636,"children":{"CollectObservations":{"count":200004,"self":1.1900819999999999,"total":1.1900819999999999,"children":null},"WriteActionMask":{"count":200004,"self":0.545306,"total":0.545306,"children":null},"RequestDecision":{"count":200004,"self":1.899745,"total":10.862537999999999,"children":{"AgentInfo.ToProto":{"count":200004,"self":2.0287479999999998,"total":8.962793,"children":{"GenerateSensorData":{"count":200004,"self":6.9340448,"total":6.9340449999999993,"children":null}}}}}}},"DecideAction":{"count":1000016,"self":864.876544,"total":864.876587,"children":null},"AgentAct":{"count":1000016,"self":9.7791712,"total":9.781638,"children":{"AgentInfo.ToProto":{"count":59,"self":0.00053699999999999993,"total":0.002467,"children":{"GenerateSensorData":{"count":59,"self":0.0019299999999999999,"total":0.0019299999999999999,"children":null}}}}},"AgentInfo.ToProto":{"count":4312,"self":0.050950999999999996,"total":0.19383699999999998,"children":{"GenerateSensorData":{"count":4312,"self":0.14288599999999999,"total":0.14288599999999999,"children":null}}}},"gauges":{"threeBody.CumulativeReward":{"count":4371,"max":124.998978,"min":-14.4,"runningAverage":15.5927868,"value":9.900036,"weightedAverage":11.4820137}},"metadata":{"timer_format_version":"0.1.0","start_time_seconds":"1649000718","unity_version":"2020.3.22f1","command_line_arguments":"\/Applications\/Unity\/Unity.app\/Contents\/MacOS\/Unity -projectpath \/Users\/avaj0001\/Documents\/personal\/UnityProjects\/ludum_dare_50 -useHub -hubIPC -cloudEnvironment production -licensingIpc LicenseClient-avaj0001 -hubSessionId 871d8590-b17d-11ec-8405-4b348b276288 -accessToken A0wfGWsl1bXM6r3Cm0E-RHdDgYI4ZagfHurXDLQ__B4002f","communication_protocol_version":"1.5.0","com.unity.ml-agents_version":"2.0.1","scene_name":"MLAgentScene","end_time_seconds":"1649010848"}}